# 英文	中文
%s	%s
(Place texture pack files here)	（把材质包文件放在这里）
*yawn*	*哈欠*
3D Anaglyph	3D 立体
Advanced OpenGL	高级 OpenGL
Allocated memory:	已分配内存：
Already tesselating!	已经在细分了！
Apple	苹果
Are you sure you want to delete this world?	你确定要删除这个世界吗？
Arrow	箭
Attempting to create a world	正在创建世界
Auto	自动
Back	后退
Back to game	返回游戏
Back to title screen	返回标题界面
Bad video card drivers!	显卡驱动有问题！
Balanced	均衡
Bed	床
Bedrock	基岩
Black Wool	黑色羊毛
Block of Diamond	钻石块
Block of Gold	金块
Block of Iron	铁块
Blue Wool	蓝色羊毛
Boat	船
Bone	骨头
Bone Meal	骨粉
Bonus chest	奖励箱
Book	书
Bookshelf	书架
Bow	弓
Bowl	碗
Bread	面包
Brick	砖
Bricks	砖块
Brown Wool	棕色羊毛
Bucket	桶
Buffer overflow	缓冲区溢出
Building terrain	正在生成地形
Button	按钮
Cactus	仙人掌
Cactus Green	仙人掌绿
Cake	蛋糕
Cancel	取消
Chain Boots	锁链靴子
Chain Chestplate	锁链胸甲
Chain Helmet	锁链头盔
Chain Leggings	锁链护腿
Charcoal	木炭
Chat	聊天
Chest	箱子
Clay	黏土
Client	客户端
Clock	钟
Coal	煤炭
Coal Ore	煤矿石
Cobblestone	圆石
Cobweb	蜘蛛网
Cocoa Beans	可可豆
Comment:	备注：
Compass	指南针
Connect	连接
Connected	已连接
Connecting	连接中
Connecting to the server...	正在连接服务器…
Connection Lost	连接中断
Connection closed	连接已关闭
Connection lost	连接丢失
Controls	控制
Controls...	控制…
Cooked Fish	熟鱼
Cooked Porkchop	熟猪排
Cookie	曲奇
Crafting Table	工作台
Create New World	创建新世界
Creative Mode	创造模式
Crops	农作物
Cyan Dye	青色染料
Cyan Wool	青色羊毛
Dandelion Yellow	蒲公英黄
Day Four	第四天
Day Three	第三天
Day Two	第二天
Delete	删除
Delete world	删除世界
Delete world...	删除世界…
Detector Rail	探测铁轨
Diamond	钻石
Diamond Axe	钻石斧
Diamond Boots	钻石靴子
Diamond Chestplate	钻石胸甲
Diamond Helmet	钻石头盔
Diamond Hoe	钻石锄
Diamond Leggings	钻石护腿
Diamond Ore	钻石矿石
Diamond Pickaxe	钻石镐
Diamond Shovel	钻石锹
Diamond Sword	钻石剑
Difficulty	难度
Difficulty:	难度：
Dirt	泥土
Disconnect	断开连接
Disconnected by Server	被服务器断开
Disconnected by server	被服务器断开
Dispenser	发射器
Done	完成
Down	下
Downloading terrain	正在下载地形
Drop	丢弃
Easy	简单
Edit sign message:	编辑告示牌：
Egg	鸡蛋
Empty	空
End of stream	数据流结束
Enter the IP of a server to connect to it:	输入服务器 IP 以连接：
Failed to connect to the server	无法连接服务器
Failed to load options	加载选项失败
Failed to login	登录失败
Failed to login: %s	登录失败：%s
Failed to save options	保存选项失败
Failed to start game	启动游戏失败
Fancy	精细
Far	远
Farmland	耕地
Fast	流畅
Feather	羽毛
Fence	栅栏
Fire	火
Fishing Rod	钓鱼竿
Flint	燧石
Flint and Steel	打火石
Flower	花
Flying	飞行
Forward	前进
Free memory:	剩余内存：
Furnace	熔炉
GUI Scale	界面尺寸
Game menu	游戏菜单
Game over!	游戏结束！
Generated	已生成
Generating level	正在生成世界
Get resource:	获取资源：
Glass	玻璃
Glowstone	荧石
Glowstone Dust	荧石粉
Gold Ingot	金锭
Gold Ore	金矿石
Golden Apple	金苹果
Golden Axe	金斧
Golden Chestplate	金胸甲
Golden Helmet	金头盔
Golden Hoe	金锄
Golden Leggings	金护腿
Golden Pickaxe	金镐
Golden Shovel	金锹
Golden Sword	金剑
Golden boots	金靴子
Graphics	画质
Graphics:	画面：
Grass	草方块
Gravel	沙砾
Gray Dye	灰色染料
Gray Wool	灰色羊毛
Green Wool	绿色羊毛
Gunpowder	火药
HYPERSPEED!!!	超高速！！！
Hard	困难
Ice	冰
Initializing	初始化
Ink Sac	墨囊
Inventory	物品栏
Invert Mouse	鼠标反转
Invert mouse:	鼠标反转：
Iron Axe	铁斧
Iron Boots	铁靴子
Iron Chestplate	铁胸甲
Iron Door	铁门
Iron Helmet	铁头盔
Iron Hoe	铁锄
Iron Ingot	铁锭
Iron Leggings	铁护腿
Iron Ore	铁矿石
Iron Pickaxe	铁镐
Iron Shovel	铁锹
Iron Sword	铁剑
Jack 'o' Lantern	南瓜灯
Java:	Java：
Join Game	加入游戏
Joining world	加入世界
Jukebox	唱片机
Jump	跳跃
Jump by pressing %1$s	按 %1$s 跳跃
Ladder	梯子
Lapis Lazuli	青金石
Lapis Lazuli Block	青金石块
Lapis Lazuli Ore	青金石矿石
Large	大
Lava	岩浆
Lava bucket	岩浆桶
Leather	皮革
Leather Boots	皮革靴子
Leather Cap	皮革帽子
Leather Pants	皮革裤子
Leather Tunic	皮革外套
Leave Bed	起床
Leave blank for a random seed	留空则使用随机种子
Leaves	树叶
Left	向左
Lever	拉杆
Light Blue Dye	淡蓝色染料
Light Blue Wool	淡蓝色羊毛
Light Gray Dye	淡灰色染料
Light Gray Wool	淡灰色羊毛
Lime Dye	黄绿色染料
Lime Wool	黄绿色羊毛
Limit framerate:	帧率限制：
List players	玩家列表
Loading level	加载世界中
Loading texture	加载材质
Local game	本地游戏
Locked chest	上锁的箱子
Logged in	已登录
Logging in	登录中
Logging in...	正在登录…
Magenta Dye	品红色染料
Magenta Wool	品红色羊毛
Map	地图
Max FPS	最高帧率
Milk	牛奶
Minecart	矿车
Minecart with Chest	运输矿车
Minecart with Furnace	动力矿车
Minecraft Multiplayer is currently not finished, but there	Minecraft 多人游戏尚未完成，但
Minecraft has crashed!	Minecraft 崩溃了！
Mods and Texture Packs	材质包
Monster Spawner	刷怪箱
Moss Stone	苔石
Multiplayer	多人游戏
Mushroom	蘑菇
Mushroom Stew	蘑菇煲
Music	音乐
Music Disc	唱片
Music:	音乐：
Must be converted!	需要转换！
Netherrack	地狱岩
New World	新的世界
No	否
No Sound	无音效
Normal	普通
Not tesselating!	没有在细分！
Note Block	音符盒
Now playing:	正在播放：
OFF	关
ON	开
OS:	操作系统：
Obsidian	黑曜石
Open texture pack folder	打开材质包文件夹
OpenGL:	OpenGL：
Options	选项
Options...	选项…
Orange Dye	橙色染料
Orange Wool	橙色羊毛
Painting	画
Paper	纸
Peaceful	和平
Performance	性能
Pink Dye	粉红色染料
Pink Wool	粉红色羊毛
Piston	活塞
Play Multiplayer	开始多人游戏
Play New Demo World	试玩新的演示世界
Play Selected World	进入选中的世界
Play tutorial level	玩教学关卡
Player	玩家
Player count:	玩家数：
Portal	传送门
Power saver	节能
Powered Rail	充能铁轨
Pressure Plate	压力板
Pumpkin	南瓜
Purple Dye	紫色染料
Purple Wool	紫色羊毛
Quit Game	退出游戏
Quitting	正在退出
Rail	铁轨
Raw Fish	生鱼
Raw Porkchop	生猪排
Red Wool	红色羊毛
Redstone	红石
Redstone Dust	红石粉
Redstone Ore	红石矿石
Redstone Repeater	红石中继器
Redstone Torch	红石火把
Rename	重命名
Rename World	重命名世界
Render Distance	渲染距离
Render distance:	视距：
Respawn	重生
Respawning	重生中
Riding	骑乘
Right	向右
Rose	玫瑰
Rose Red	玫瑰红
Saddle	鞍
Sand	沙子
Sandstone	砂岩
Sandstone Slab	砂岩台阶
Sapling	树苗
Save and quit to title	保存并退出到标题
Save and quit to title..	保存并退出到标题…
Saving chunks	正在保存区块
Saving level	正在保存世界
Saving level..	正在保存世界…
Seed for the World Generator	世界生成器种子
Seeds	种子
Select Texture Pack	选择材质包
Select World	选择世界
Select world	选择世界
Sensitivity	灵敏度
Sensitivity:	灵敏度：
Sensitivity: HYPERSPEED!!!	灵敏度：超光速！！！
Server	服务器
Shears	剪刀
Short	短
Show FPS:	显示帧率：
Sign	告示牌
Silent Mode	静音模式
Singleplayer	单人游戏
Sleeping	睡觉
Slimeball	黏液球
Small	小
Smooth Lighting	平滑光照
Sneak	潜行
Sneaking	潜行
Snow	雪
Snowball	雪球
Soul Sand	灵魂沙
Sound	音效
Sound:	音效：
Sponge	海绵
Starting up	启动中
Stick	木棍
Sticky Piston	粘性活塞
Stone	石头
Stone Axe	石斧
Stone Bricks	石砖
Stone Hoe	石锄
Stone Pickaxe	石镐
Stone Shovel	石锹
Stone Slab	圆石台阶
Stone Stairs	石楼梯
Stone Sword	石剑
String	线
Sugar	糖
Sugar Canes	甘蔗
Sugar cane	甘蔗
Survival Mode	生存模式
Switching to silent mode	切换到静音模式
TNT	TNT
Texture Pack	材质包
The default look of Minecraft	默认材质包
The demo time has expired, buy the game to continue or start a new world!	演示时间已到，购买游戏以继续或开始新世界！
This bed is occupied	这张床已被占用
This demo will last five game days, do your best!	本演示将持续五个游戏日，尽力而为！
This is your last day!	今天是最后一天！
Timed out	连接超时
Tiny	极小
Title menu	标题菜单
Toggle Fog	切换迷雾
Toggle fog	切换雾效
Toggle fullscreen!	切换全屏！
Torch	火把
Trapdoor	活板门
Unknown	未知
Up	上
Use %1$s to open your inventory	按 %1$s 打开物品栏
Use %1$s, %2$s, %3$s, %4$s and the mouse to move around	使用 %1$s、%2$s、%3$s、%4$s 和鼠标移动
Used memory:	已用内存：
Vendor:	厂商：
Version	版本
Version:	版本：
Video Settings	视频设置
Video Settings...	视频设置…
View Bobbing	视角摇晃
View bobbing:	视角摇晃：
WARNING:	警告：
Was kicked from the game	被踢出游戏
Water	水
Water Bucket	水桶
Wheat	小麦
Will be saved in:	将保存到：
Wood	原木
Wooden Axe	木斧
Wooden Door	木门
Wooden Hoe	木锄
Wooden Pickaxe	木镐
Wooden Planks	木板
Wooden Shovel	木锹
Wooden Slab	木质台阶
Wooden Stairs	木楼梯
Wooden Sword	木剑
Wool	羊毛
World	世界
World Name	世界名称
Yellow Wool	黄色羊毛
Yes	是
You can only sleep at night	你只能在夜晚睡觉
You have passed your fifth day, use F2 to save a screenshot of your creation	你已度过第五天，按 F2 为你的作品截图
Your home bed was missing or obstructed	你的床不存在或被阻挡
Your time is almost up!	时间快到了！
anaglyph3d	3D 立体
anaglyph3d:	3D 立体：
bobView	视角摇晃
bobView:	视角摇晃：
difficulty	难度
difficulty:	难度：
empty	空
fancyGraphics	精美画面
fancyGraphics:	精美画面：
fullscreen	全屏
fullscreen:	全屏：
invertYMouse	鼠标反转
invertYMouse:	鼠标反转：
is some buggy early testing going on.	仍在进行有问题的早期测试。
limitFramerate	帧率限制
limitFramerate:	帧率限制：
music	音乐
music:	音乐：
showFrameRate	显示帧率
showFrameRate:	显示帧率：
sound	音效
sound:	音效：
viewDistance	视距
viewDistance:	视距：
will be lost forever! (A long time!)	将永远消失！（很久很久！）
Generate new level...	生成新世界…
Load level..	载入世界…
Load level	载入世界
Save level..	保存世界…
Change world...	更换世界…
Load location	载入位置
Save location	保存位置
Preparing chunks	准备区块
Preparing lights	准备光照
Singleplayer!	单人游戏！
Single player	单人游戏
Multi player	多人游戏
Quit game	退出游戏
Difficulty: 	难度：
Invert mouse: 	反转鼠标：
Limit framerate: 	限制帧率：
Render distance: 	渲染距离：
Show FPS: 	显示 FPS：
View bobbing: 	视角摇晃：
Music: 	音乐：
Sound: 	音效：
Crafting	合成
Allocated memory: 	已分配内存：
Free memory: 	空闲内存：
Edit sign message: 	编辑告示牌内容：
Failed to start Minecraft	Minecraft 启动失败
Preparing level..	准备世界中…
Preparing level...	准备世界中…
F1 - F5: load levels   |   0-9: Set time of day   |   Space: return to	F1-F5：加载世界   |   0-9：设置时间   |   空格：返回
EPlease include a description of what you did when the error occured.	E错误发生时请说明你做了什么。
Please include a description of what you did when the error occured.	错误发生时请说明你做了什么。
TMinecraft was unable to start because it failed to find an accelerate	TMinecraft 无法启动，因为未能找到加速
d OpenGL mode.	的 OpenGL 模式。
Bad magic number: 	错误的魔术数字：
Bad version number: 	错误的版本号：
Broken entity file: 	损坏的实体文件：
Broken zone file: 	损坏的区域文件：
Client error	客户端错误
Unexpected error	意外错误
The game broke! [	游戏崩溃了！[
Failed to load levels	加载世界失败
Failed to save level	保存世界失败
Failed to load level	加载世界失败
Session conflict!	会话冲突！
Enter level name:	输入世界名称：
Generate new level	生成新世界
Save level	保存世界
Save file...	保存文件…
Save and quit to title...	保存并退出到标题…
Getting level list..	获取世界列表…
Getting level list...	获取世界列表…
Delete level	删除世界
Delete level..	删除世界…
Delete level...	删除世界…
Simulating world for a bit	模拟世界中
Generated 	已生成 
World 	世界 
Pixel format not accelerated	像素格式未加速
TMinecraft was unable to start because it failed to find an 	TMinecraft 无法启动，因为未能找到 
accelerated OpenGL mode.	加速的 OpenGL 模式。
Please include a description of what you did when the error	请在错误发生时说明你做了什么
EPlease include a description of what you did when the error	E发生错误时请说明你做了什么
700+ hits on YouTube!	YouTube 上超 700 万点击！
9.95 euro!	9.95 欧元！
Half price!	半价！
More than 5000 sold!	销量超 5000！
Pre-beta!	Beta 前夕！
Alpha version!	Alpha 版本！
Notch <3 Ez!	Notch 爱 Ez！
 Ceci n'est pas une title screen!	这不是标题画面！
% of 	% 占用 
Copyright Mojang Specifications. Do not distribute.	版权所有 Mojang Specifications。请勿传播。
As seen on TV!	电视上见过！
Awesome!	太棒了！
100% pure!	100% 纯天然！
May contain nuts!	可能含坚果！
Better than Prey!	比 Prey 还好玩！
More polygons!	更多多边形！
Sexy!	性感！
Limited edition!	限量版！
Flashing letters!	闪烁字母！
Made by Notch!	Notch 出品！
Coming soon!	敬请期待！
Best in class!	同类最佳！
When it's finished!	等它做完！
Absolutely dragon free!	绝对不含龙！
Excitement!	激动人心！
More than 500 sold!	售出超 500 份！
One of a kind!	独一无二！
Heaps of hits on YouTube!	YouTube 上爆火！
Indev!	Indev！
Spiders everywhere!	到处都是蜘蛛！
Check it out!	快来看看！
Holy cow, man!	我的天哪！
It's a game!	这是个游戏！
Made in Sweden!	瑞典制造！
Uses LWJGL!	使用 LWJGL！
Reticulating splines!	正在重新编织样条曲线！
Minecraft!	Minecraft！
Yaaay!	耶！
Keyboard compatible!	支持键盘！
Undocumented!	没有文档！
Ingots!	锭！
Exploding creepers!	爆炸的苦力怕！
That's not a moon!	那不是月亮！
l33t!	精英！
Create!	创造！
Survive!	生存！
Dungeon!	地牢！
Exclusive!	独家！
The bee's knees!	顶呱呱！
Down with O.P.P.!	打倒 O.P.P.！
Closed source!	闭源！
Classy!	有格调！
Wow!	哇！
Not on steam!	不在 Steam 上！
Oh man!	哦天哪！
Awesome community!	超棒的社区！
Pixels!	像素！
Teetsuuuuoooo!	Teetsuuuuoooo！
Kaaneeeedaaaa!	Kaaneeeedaaaa！
Now with difficulty!	现在有难度了！
Enhanced!	强化版！
90% bug free!	90% 无 bug！
Pretty!	漂亮！
12 herbs and spices!	12 种香草和香料！
Fat free!	零脂肪！
Absolutely no memes!	绝对没有梗！
Free dental!	免费牙医！
Ask your doctor!	请咨询医生！
Minors welcome!	未成年人欢迎！
Cloud computing!	云计算！
Legal in Finland!	在芬兰合法！
Hard to label!	难以归类！
Technically good!	技术上讲不错！
Bringing home the bacon!	满载而归！
Indie!	独立游戏！
GOTY!	年度最佳游戏！
Ceci n'est pas une title screen!	这不是标题画面！
Euclidian!	欧几里得！
Now in 3D!	现在有 3D！
Inspirational!	鼓舞人心！
Herregud!	天啊！
Complex cellular automata!	复杂的元胞自动机！
Yes, sir!	是的，长官！
Played by cowboys!	牛仔也玩！
OpenGL 1.1!	OpenGL 1.1！
Thousands of colors!	上千种颜色！
Try it!	试试看！
Age of Wonders is better!	奇迹时代更好玩！
Try the mushroom stew!	尝尝蘑菇煲！
Sensational!	轰动！
Hot tamale, hot hot tamale!	热玉米粽，热热玉米粽！
Play him off, keyboard cat!	键盘猫，送他走！
Guaranteed!	保证！
Macroscopic!	宏观的！
Bring it on!	放马过来！
Random splash!	随机标语！
Call your mother!	给你妈打个电话！
Monster infighting!	怪物内讧！
Loved by millions!	数百万人喜爱！
Ultimate edition!	终极版！
Freaky!	怪异！
You've got a brand new key!	你有把新钥匙！
Water proof!	防水！
Uninflammable!	阻燃！
Whoa, dude!	哇哦，老兄！
All inclusive!	全包！
Tell your friends!	告诉你的朋友！
NP is not in P!	NP 不等于 P！
Notch <3 ez!	Notch 爱 ez！
Music by C418!	C418 配乐！
Livestreamed!	已直播！
Haunted!	闹鬼！
Polynomial!	多项式！
Terrestrial!	陆生的！
All is full of love!	一切充满爱！
Full of stars!	满是星辰！
Scientific!	科学的！
Cooler than Spock!	比斯波克还酷！
Collaborate and listen!	合作并聆听！
Never dig down!	千万别往下挖！
Take frequent breaks!	记得常休息！
Not linear!	非线性！
Han shot first!	Han 先开的枪！
Nice to meet you!	很高兴认识你！
Buckets of lava!	一桶桶岩浆！
Ride the pig!	骑猪！
Larger than Earth!	比地球还大！
sqrt(-1) love you!	sqrt(-1) 爱你！
Phobos anomaly!	火卫一异常！
Punching wood!	徒手撸树！
Falling off cliffs!	摔下悬崖！
0% sugar!	0% 糖！
150% hyperbole!	150% 夸张！
Synecdoche!	提喻！
Let's danec!	一起跳舞！
Seecret Friday update!	神秘星期五更新！
Reference implementation!	参考实现！
Lewd with two dudes with food!	两个男人和食物的下流事！
Kiss the sky!	亲吻天空！
20 GOTO 10!	20 GOTO 10！
Verlet intregration!	Verlet 积分！
Peter Griffin!	彼得·格里芬！
Do not distribute!	禁止分发！
Cogito ergo sum!	我思故我在！
4815162342 lines of code!	4815162342 行代码！
A skeleton popped out!	一具骷髅冒出来了！
The Work of Notch!	Notch 的作品！
The sum of its parts!	部分之和！
BTAF used to be good!	BTAF 以前很好！
I miss ADOM!	我想念 ADOM！
umop-apisdn!	umop-apisdn！
OICU812!	OICU812！
Bring me Ray Cokes!	给我带 Ray Cokes！
Finger-licking!	舔手指！
Thematic!	有主题！
Pneumatic!	气动的！
Sublime!	崇高！
Octagonal!	八角形！
Une baguette!	一根法棍！
Gargamel plays it!	格格巫也玩！
Rita is the new top dog!	Rita 是新老大！
SWM forever!	SWM 万岁！
Representing Edsbyn!	代表 Edsby！
Matt Damon!	马特·达蒙！
Superfragilisticexpialidocious!	超级无敌棒！
Consummate V's!	完美的 V！
Cow Tools!	牛工具！
Double buffered!	双缓冲！
Fan fiction!	同人文！
Flaxkikare!	Flaxkikare！
Jason! Jason! Jason!	Jason！Jason！Jason！
Hotter than the sun!	比太阳还热！
Internet enabled!	支持互联网！
Autonomous!	自主！
Engage!	启动！
Fantasy!	幻想！
DRR! DRR! DRR!	DRR！DRR！DRR！
Kick it root down!	根号开下去！
Regional resources!	区域资源！
Woo, facepunch!	喔，facepunch！
Woo, somethingawful!	喔，somethingawful！
Woo, /v/!	喔，/v/！
Woo, tigsource!	喔，tigsource！
Woo, minecraftforum!	喔，minecraftforum！
Woo, worldofminecraft!	喔，worldofminecraft！
Woo, reddit!	喔，reddit！
Woo, 2pp!	喔，2pp！
Google anlyticsed!	已接入谷歌分析！
Now supports åäö!	现在支持 åäö！
Give us Gordon!	给我们 Gordon！
Tip your waiter!	给服务员小费！
Very fun!	非常好玩！
12345 is a bad password!	12345 是个烂密码！
Vote for net neutrality!	投票支持网络中立！
Lives in a pineapple under the sea!	住在海底的菠萝里！
MAP11 has two names!	MAP11 有两个名字！
Omnipotent!	全能！
Gasp!	倒吸一口气！
...!	……！
Bees, bees, bees, bees!	蜜蜂，蜜蜂，蜜蜂，蜜蜂！
Jag känner en bot!	我认识一个机器人！
This text is hard to read if you play the game at the default resolution, but at 1080p it's fine!	用默认分辨率玩这游戏很难看清这段文字，但 1080p 下没问题的！
Haha, LOL!	哈哈，笑死！
Hampsterdance!	仓鼠舞！
Switches and ores!	开关与矿石！
Menger sponge!	门格海绵！
idspispopd!	idspispopd！
Eple (original edit)!	Eple（原版混音）！
So fresh, so clean!	清新又干净！
Slow acting portals!	慢热的传送门！
Try the Nether!	试试下界！
Don't look directly at the bugs!	别直视 bug！
Oh, ok, Pigmen!	哦，好吧，猪人！
Finally with ladders!	终于有梯子了！
Scary!	吓人！
Play Minecraft, Watch Topgear, Get Pig!	玩 Minecraft，看 Topgear，得猪！
Twittered about!	推特上刷屏了！
Jump up, jump up, and get down!	跳起来，跳起来，落下！
Joel is neat!	Joel 很酷！
A riddle, wrapped in a mystery!	谜中之谜！
Huge tracts of land!	大片土地！
Welcome to your Doom!	欢迎来到你的毁灭！
Stay a while, stay forever!	留下来，永远留下来！
Stay a while and listen!	留下来听我说！
Treatment for your rash!	治疗你的皮疹！
"Noun" is an autonym!	「名词」是个自称词！
Information wants to be free!	信息渴望自由！
"Almost never" is an interesting concept!	「几乎从不」是个有趣的概念！
Lots of truthiness!	满满的“真感觉”！
The creeper is a spy!	苦力怕是间谍！
Turing complete!	图灵完备！
It's groundbreaking!	这是开创性的！
Let our battle's begin!	让我们开始战斗吧！
The sky is the limit!	天空才是极限！
Used memory: 	已用内存：
Entering the Nether	正在进入下界
Leaving the Nether	正在离开下界
 fps, 	 帧, 
 chunk updates	 区块更新
- empty -	- 空 -
' will be lost forever!	将永远丢失！
ATK: 100	攻击：100
All: 	全部：
Arrows: 	箭：
Block	方块
Chicken	鸡
Closing zone 	关闭区域 
Cow	牛
Create	创建
Creeper	苦力怕
DEF: 100	防御：100
DOHASDOSHIH!	都哈斯多斯希！
Deep	深
Entities	实体
Expected 	预期 
F1 - F5: load levels   |   0-9: Set time of day   |   Space: return to spawn   |   Double click: zoom   |   Escape: hide this text	F1-F5：加载世界   |   0-9：设置时间   |   空格：返回出生点   |   双击：缩放   |   Esc：隐藏此文本
Failed to add entity 	添加实体失败 
Flat	平坦
Floating	浮空
Generate	生成
Giant	巨人
Graphics: 	显示卡：
Hell	地狱
Huge	巨大
Infinite	无限
Inland	内陆
Island	岛屿
Items	物品
Java: 	Java：
Level	世界
Load	加载
Load file...	加载文件…
Long	长条
Minecraft Infdev	Minecraft Infdev
Minecraft Minecraft Infdev	Minecraft Minecraft Infdev
Minecraft: Minecraft Infdev	Minecraft：Minecraft Infdev
Monster	怪物
NOOOOOO!	不——！
New	新建
New largest: 	新最大值：
OK	确定
OS: 	操作系统：
OW KNOWS!	奇怪的知识！
OpenGL: 	OpenGL：
PLAYER NAME	玩家名称
Paradise	天堂
Pig	猪
Play	开玩
Quit	退出
SPD: 100	速度：100
Save	保存
Score: &e	分数：&e
Select	选择
Shape:	形状：
Shape: 	形状：
Sheep	羊
Size: 	尺寸：
Skeleton	骷髅
Skipping Entity with id 	跳过实体 id：
Skipping TileEntity with id 	跳过方块实体 id：
Spider	蜘蛛
Square	方形
Stopping!	正在停止！
Theme: 	主题：
Type: 	类型：
VM: 	虚拟机：
Woods	森林
Wrong location! 	位置错误！
Wrong slot! Got 	槽位错误！得到 
Zombie	僵尸
\"Almost never\" is an interesting concept!	「几乎从不」是个有趣的概念！
\"Noun\" is an autonym!	「名词」是个自称词！
n   |   Double click: zoom   |   Escape: hide this text	n   |   双击：缩放   |   Esc：隐藏此文本
Achievements	成就
Statistics	统计
Death	死亡
Texture Packs	材质包
(no connection)	（无连接）
Can't reach server	无法连接服务器
Can't resolve hostname	无法解析主机名
Communication error	通信错误
Connecting to	正在连接
Boss health	Boss 血量
Invalid server address	服务器地址无效
Connection lost	连接已断开
achievement.get	获得%s
achievement.requires	需要%s
achievement.taken	已获得%s
deathScreen.deleteWorld	删除世界
deathScreen.hardcoreInfo	你还留着一条命，但那条命也已经没了
deathScreen.respawn	重生
deathScreen.score	得分
deathScreen.title	你死了！
deathScreen.title.hardcore	你死了！
deathScreen.titleScreen	返回标题画面
disconnect.closed	连接被服务端关闭
disconnect.disconnected	与服务器断开连接
disconnect.endOfStream	与服务器的连接流意外中断
disconnect.genericReason	连接中断：%s
disconnect.kicked	你被服务器踢出
disconnect.loginFailedInfo	登录失败：%s
disconnect.lost	与服务器的连接丢失
disconnect.overflow	缓冲区溢出
disconnect.timeout	连接超时
gui.achievements	成就
gui.cancel	取消
gui.done	完成
gui.stats	统计
gui.toMenu	返回主菜单
item.charcoal	木炭
item.coal	煤炭
item.emptyPotion.name	药水
key.attack	攻击
key.back	后退
key.chat	聊天
key.drop	丢弃物品
key.fog	切换视野迷雾
key.forward	前进
key.inventory	打开物品栏
key.jump	跳跃
key.left	向左移动
key.mouseButton	鼠标按键
key.pickItem	选取物品
key.playerlist	玩家列表
key.right	向右移动
key.sneak	潜行
key.use	使用
menu.mods	模组
menu.multiplayer	多人游戏
menu.options	选项
menu.quit	退出游戏
menu.singleplayer	单人游戏
mob.blaze	烈焰人
mob.blaze.breathe	烈焰人呼吸
mob.blaze.death	烈焰人死亡
mob.blaze.hit	烈焰人受伤
mob.blazehurt	烈焰人受伤
mob.chicken	鸡
mob.chickenhurt	鸡受伤
mob.chickenplop	鸡咕咕叫
mob.cow	牛
mob.cowhurt	牛受伤
mob.creeper	苦力怕
mob.creeperdeath	苦力怕死亡
mob.eat	咀嚼声
mob.enderman	末影人
mob.endermandeath	末影人死亡
mob.endermanhurt	末影人受伤
mob.endermen.death	末影人死亡
mob.endermen.hit	末影人受伤
mob.endermen.idle	末影人低语
mob.endermen.portal	末影人传送
mob.ghast.charge	恶魂蓄力
mob.ghast.death	恶魂死亡
mob.ghast.fireball	恶魂火球
mob.ghast.moan	恶魂呻吟
mob.ghast.scream	恶魂尖啸
mob.magma.big	大型岩浆怪
mob.magma.death	岩浆怪死亡
mob.magma.hit	岩浆怪受伤
mob.magma.small	小型岩浆怪
mob.magmacube.big	大型岩浆怪
mob.magmacube.small	小型岩浆怪
mob.pig	猪
mob.pigdeath	猪死亡
mob.sheep	羊
mob.silverfish.hit	蠹虫受伤
mob.silverfish.kill	蠹虫死亡
mob.silverfish.say	蠹虫嘶嘶
mob.silverfish.step	蠹虫爬行
mob.skeleton	骷髅
mob.skeletonhurt	骷髅受伤
mob.slime	史莱姆
mob.slimeattack	史莱姆攻击
mob.spider	蜘蛛
mob.spiderdeath	蜘蛛死亡
mob.villager.default	村民
mob.villager.defaultdeath	村民死亡
mob.villager.defaulthurt	村民受伤
mob.wolf.bark	狗吠
mob.wolf.death	狗死亡
mob.wolf.growl	狗低吼
mob.wolf.hurt	狗受伤
mob.wolf.panting	狗喘气
mob.wolf.shake	狗抖毛
mob.wolf.whine	狗呜咽
mob.zombie	僵尸
mob.zombiedeath	僵尸死亡
mob.zombiehurt	僵尸受伤
mob.zombiepig.zpig	僵尸猪
mob.zombiepig.zpigangry	僵尸猪愤怒
mob.zombiepig.zpigdeath	僵尸猪死亡
mob.zombiepig.zpighurt	僵尸猪受伤
multiplayer.connect	连接服务器
multiplayer.downloadingTerrain	正在下载地形
multiplayer.info1	你在一个有访客的服务器上
multiplayer.info2	关闭它再试一次
multiplayer.ipinfo	如果你不想输入服务器地址，就直接输入%s
multiplayer.stopSleeping	唤醒全部玩家
multiplayer.title	多人游戏
options.advancedOpengl	高级 OpenGL
options.anaglyph	立体（红蓝）
options.ao	环境光遮蔽
options.controls	控制
options.difficulty	难度
options.difficulty.easy	简单
options.difficulty.hard	困难
options.difficulty.hardcore	极限
options.difficulty.normal	普通
options.difficulty.peaceful	和平
options.farWarning1	离得太远了！
options.farWarning2	视野距离过大会让游戏变慢，甚至可能引发崩溃。请把距离调到适中水平。
options.fov	视野
options.fov.max	最大：%s
options.fov.min	最小：%s
options.framerateLimit	最大帧率：%s
options.gamma	亮度
options.gamma.max	最大：%s
options.gamma.min	最小：%s
options.graphics	图形
options.graphics.fancy	流畅
options.graphics.fast	-fast
options.guiScale	界面缩放
options.guiScale.auto	自动
options.guiScale.large	大
options.guiScale.normal	中
options.guiScale.small	小
options.invertMouse	反转鼠标
options.music	音乐
options.off	关
options.on	开
options.particles	粒子
options.particles.all	全部
options.particles.decreased	减少
options.particles.minimal	最简
options.renderClouds	渲染云
options.renderDistance	渲染距离
options.renderDistance.far	16
options.renderDistance.normal	8
options.renderDistance.short	4
options.renderDistance.tiny	2
options.sensitivity	鼠标灵敏度
options.sensitivity.max	最大：%s
options.sensitivity.min	最小：%s
options.sound	声音
options.title	选项
options.txt	文字设置
options.video	视频设置
options.videoTitle	视频设置
options.viewBobbing	视角晃动
potion.blindness	失明
potion.confusion	反胃
potion.damageBoost	伤害增强
potion.digSlowDown	挖掘缓慢
potion.digSpeed	急迫
potion.empty	空药水瓶
potion.fireResistance	抗火
potion.harm	伤害
potion.heal	瞬间治疗
potion.hunger	饥饿
potion.invisibility	隐身
potion.jump	跳跃提升
potion.moveSlowdown	缓慢
potion.moveSpeed	速度
potion.nightVision	夜视
potion.poison	中毒
potion.prefix.acrid	刺鼻
potion.prefix.artless	平凡
potion.prefix.awkward	别扭
potion.prefix.bland	平淡
potion.prefix.bulky	粗壮
potion.prefix.bungling	笨拙
potion.prefix.buttered	腻
potion.prefix.charming	迷人
potion.prefix.clear	清澈
potion.prefix.cordial	热诚
potion.prefix.dashing	敏捷
potion.prefix.debonair	娴雅
potion.prefix.diffuse	弥漫
potion.prefix.elegant	优雅
potion.prefix.fancy	华丽
potion.prefix.flat	平淡
potion.prefix.foul	污浊
potion.prefix.grenade	手雷
potion.prefix.gross	恶心
potion.prefix.harsh	刺鼻
potion.prefix.milky	乳白
potion.prefix.mundane	平凡
potion.prefix.odorless	无味
potion.prefix.potent	浓烈
potion.prefix.rank	发臭
potion.prefix.refined	精致
potion.prefix.smooth	顺滑
potion.prefix.sparkling	闪烁
potion.prefix.stinky	臭
potion.prefix.suave	温和
potion.prefix.thick	浓稠
potion.prefix.thin	稀薄
potion.prefix.uninteresting	无趣
potion.regeneration	生命恢复
potion.resistance	抗性
potion.waterBreathing	水肺
potion.weakness	虚弱
selectServer.add	添加服务器
selectServer.defaultName	%s 服务器
selectServer.delete	删除
selectServer.deleteButton	删除
selectServer.deleteQuestion	确定要删除这个服务器吗？
selectServer.deleteWarning	这个服务器的信息将永久丢失！
selectServer.direct	直接连接
selectServer.edit	编辑
selectServer.refresh	刷新
selectServer.select	加入服务器
selectWorld.conversion	转换中
selectWorld.create	创建
selectWorld.delete	删除
selectWorld.deleteButton	删除
selectWorld.deleteQuestion	确定要删除这个世界吗？
selectWorld.deleteWarning	这个世界的存档将永久丢失！
selectWorld.enterName	世界名称
selectWorld.enterSeed	世界种子
selectWorld.gameMode	游戏模式
selectWorld.mapFeatures	生成额外结构
selectWorld.mapFeatures.info	这个设置无法在创建后更改
selectWorld.mapType	地图类型
selectWorld.mapType.normal	普通
selectWorld.moreWorldOptions	更多世界选项
selectWorld.newWorld	新建世界
selectWorld.rename	重命名
selectWorld.renameButton	重命名
selectWorld.renameTitle	重命名世界
selectWorld.resultFolder	世界将保存到：
selectWorld.seedInfo	留空则随机生成种子
selectWorld.select	选择
selectWorld.title	选择世界
selectWorld.world	世界
stat.blocksButton	方块
stat.boatOneCm	坐船1厘米
stat.breakItem	破坏物品
stat.climbOneCm	攀爬1厘米
stat.craftItem	合成物品
stat.crafted	合成过的东西
stat.createWorld	创建世界
stat.damageDealt	造成伤害
stat.damageTaken	受到伤害
stat.deaths	死亡
stat.depleted	用完的东西
stat.diveOneCm	潜水1厘米
stat.drop	丢下物品
stat.fallOneCm	摔落1厘米
stat.fishCaught	钓到鱼
stat.flyOneCm	飞行1厘米
stat.generalButton	其他
stat.itemsButton	物品
stat.joinMultiplayer	加入多人游戏
stat.jump	跳跃
stat.leaveGame	退出游戏
stat.loadWorld	载入世界
stat.mineBlock	挖方块
stat.minecartOneCm	坐矿车1厘米
stat.mined	挖到的东西
stat.mobKills	杀死生物
stat.pigOneCm	骑猪1厘米
stat.playOneMinute	游玩1分钟
stat.playerKills	杀死玩家
stat.startGame	开始游戏
stat.swimOneCm	游泳1厘米
stat.useItem	使用物品
stat.used	用过的物品
stat.walkOneCm	行走1厘米
texturePack.folderInfo	把材质包文件放在这里
texturePack.openFolder	打开材质包文件夹
texturePack.title	材质包
tile.bed.noSleep	这个床离太远了
tile.bed.notSafe	这个位置晚上不安全
tile.bed.notValid	这个床不能使用
tile.bed.occupied	这张床已被占用
tile.piston.in	推动
tile.piston.out	推出
